rank,gene,score
1,ZBTB20,1.8924852576116653
2,AKAP6,1.3257739961576875
3,RASGEF1B,1.0945718131903708
4,EIF1,0.8970552057308924
5,UBE2D3,0.8070830647701372
6,SLC26A3,0.7874658410968778
7,PCDH9,0.779366676805807
8,QDPR,0.6679377955063677
9,LINGO1,0.6447140450915658
10,CNDP1,0.6319721301442061
11,DHFR,0.6018701655521761
12,SIK3,0.4284790417877767
13,CADM2,0.4117767730372707
14,GFAP,0.410912365364942
15,CCNI,0.3676650371285007
16,MBP,0.355398330129482
17,SPP1,0.3480035877973143
18,NPAS3,0.3473427177200633
19,PRUNE2,0.3467935899692738
20,PEX5L,0.3410425610436946
21,NCKAP5,0.313467030408082
22,ST6GALNAC3,0.3124803715354105
23,MT3,0.2780517225305575
24,RPS27A,0.2758666373226892
25,HCRT,0.2683600676274552
26,GRID2,0.2567800292117308
27,ERBIN,0.2566427842072813
28,RASAL2,0.2519059075441143
29,PDE1A,0.2499052440566343
30,ELMO1,0.2445204062132894
